1eva,7
1c9a,11
1n9u,10
1aqg,11
1qwp,11
1awy,18
1in3,14
1kvg,13
1rsw,12
1d6x,13
1mzi,13
1vm2,14
1aj1,19
1mqy,20
1dn3,15
1kwe,16
1ze9,18
1kb7,18
1ont,22
2b0y,17
1hu5,18
1r9i,22
1bcv,20
1p0l,20
2b5k,20
1d9o,21
1gea,21
1odq,20
6cmh,21
1fi0,22
1s4t,21
1hcw,25
2ajw,22
1jlz,23
1vdb,23
2nr1,27
1dw4,26
1mvi,26
1wo5,25
2fqc,26
1feo,26
1y4e,27
1d5q,27
1u0p,27
1cq0,28
1l4t,30
1wn4,28
1acw,29
1pt4,29
1zwu,30
1df6,30
1nbj,30
1zuv,30
1bmx,31
1jdm,31
1pvz,31
1scy,32
2esy,32
1fct,32
1q2i,32
2glg,33
1cld,61
1wz5,35
1b9q,34
1ib9,34
1zwa,34
1cfi,47
1mb6,35
1sis,36
1bba,36
1fv5,36
1kuz,36
1rkl,36
1wr4,36
1e0m,37
1ju8,37
1va1,37
2fj5,37
1erp,38
1sco,38
1bwx,39
1i6c,39
1adx,40
1fsb,40
1zfu,40
1hy9,41
1wt7,41
1esk,42
1qdp,42
1z0q,42
1bds,43
2pdd,43
1k09,52
1k9q,46
1w4f,47
1gw3,46
1jmn,46
1qh2,46
2cwb,108
1bj6,47
1bom,48
1oav,48
1y1c,48
1ify,49
2cq7,49
1iox,50
1qfq,50
1tpn,50
1bal,51
1i8h,52
1sf1,51
1far,52
1mbj,53
1xrd,52
1ba5,53
1eph,53
2cr8,53
1idy,54
1iw4,55
1vgh,55
1bw6,56
1p23,56
1uub,56
3gb1,56
2a05,57
1jv9,58
1nz9,58
1t50,58
1e9t,59
1x4s,59
2b7e,59
1bf0,60
1dem,60
1i6f,60
1nh5,60
1tfs,60
1wd2,60
2ca7,60
1ata,62
1fra,62
1mvz,62
1sso,62
2djy,62
1sq8,64
1whc,64
2a93,68
2crn,64
1gjs,65
1lqi,65
1yww,85
2hjj,87
1bha,71
1rg6,75
2dam,67
1c7w,81
1f22,68
1jxc,68
1rws,77
1v1c,71
1yez,68
2hp8,68
1ikl,72
1qpm,69
2bby,69
1bqt,70
1ha6,70
1wcn,70
2cra,70
2da9,70
1daq,71
1hfn,71
1wes,71
2bb8,71
1wi9,72
1zxa,134
2hqi,72
1eig,73
1l2z,73
1p0r,93
1x2n,73
1f6u,75
1rqt,74
1wfw,74
1d9n,75
1ksq,75
1xbl,107
2da5,75
1fox,76
1pks,79
1tns,76
1vaz,88
1zhc,76
1bwe,77
1f54,77
1j3x,77
2ct1,77
1e4u,78
1nkl,78
1uhm,78
2d9t,78
1exk,79
1ijp,79
1nhn,81
1wjv,79
2cud,79
1hj7,80
1m39,89
1tz1,80
2cue,80
1gjx,81
1o6x,81
1ucv,81
1cch,82
1fov,82
1sh4,82
2a23,82
2gji,85
1rxr,83
1yx7,83
2glo,83
1l8y,91
1vek,84
1d9a,85
1ip9,85
1nho,85
2gdw,85
1j7q,86
1sg5,86
1wxm,86
2ct7,86
1c6s,87
1g6e,87
1k8o,93
1rwu,109
1ef5,103
1in1,88
1txe,88
1wwt,88
2afd,88
2sxl,88
1dgn,89
1i42,89
1pwj,89
1tit,98
1wy8,89
2dh9,89
1gh1,90
1smg,90
1k99,99
1ucp,91
1xee,91
2ife,100
1hd4,92
1l5d,92
1r2a,92
1whm,92
2crj,92
3hsf,92
1j8i,93
1oww,98
2dad,93
1b5a,94
1fsh,105
1mny,94
1ttf,94
1x4m,94
1fad,99
1v6e,95
2cp2,95
1fjc,96
1ywl,96
1hs7,97
1pla,97
1v5r,97
2hfv,97
1cyv,98
1j5c,98
1wot,98
1d1n,99
1lg4,129
2cpd,99
1jbi,100
1x0n,104
2d9o,100
1iiy,101
1qbh,101
1uez,101
1x2l,101
1bhu,102
1go0,102
1nm4,102
1s62,106
1v5o,102
1xu0,130
1v5l,103
2cqi,103
2sob,103
1cn7,104
1e1u,104
1giw,104
1iyy,104
1qqi,104
1wfy,104
1gya,105
1trw,105
3trx,105
1arr,106
1e2b,106
1mxl,106
1qq3,106
1z0r,106
1fkc,142
1fkt,107
1ig6,107
1kkg,108
2fo8,111
1bj8,109
1wik,109
2cou,109
1a5j,110
1hzk,110
1lfu,110
1sbo,110
1wjd,110
2db8,110
1eiw,111
1nyn,131
1tdp,111
1whx,111
1xyw,111
1jli,112
1qn1,112
1wjw,112
1ygm,118
1uil,113
1xne,113
2cpe,113
1akp,114
1ewi,114
1p97,114
1wgk,114
2h9r,114
1s6n,115
1zub,125
1pic,118
2bgp,140
1u3m,117
1wid,130
2c52,118
1hce,118
1mdk,118
1poq,118
1tuz,118
1wi5,119
2db2,119
1jgn,120
1ujt,120
2crv,120
1x5c,121
2ayy,121
2d9e,121
1t4l,122
1wmj,130
2cqm,122
1awz,123
1mwb,123
1tuj,123
2dha,123
1pet,124
1wjo,124
1bw3,125
1t2r,128
1zry,125
1rsf,126
1wif,126
2cr4,126
1o1u,127
1wyq,127
1cmz,152
1uf1,128
2ett,128
1pus,129
2bzm,129
1awe,130
1i16,130
1itl,130
1n3k,130
1wfo,130
2stw,130
1wfi,131
2h3z,131
1nxi,132
1x5h,132
1iyg,133
1x5d,133
1jfj,134
1q48,134
2cs2,134
1m2f,135
2aff,164
1j9i,136
1utr,192
1tm9,137
1wk0,137
2go0,137
1bv8,138
1hum,138
1o1w,138
1wfm,138
1l1c,139
1g9l,144
1mke,152
2axl,144
2csw,145
1def,147
1xjs,147
2cri,147
2hnb,147
2db9,149
2f3i,150
1xwe,151
1ulo,152
1irp,153
1p4q,153
2nmb,167
1a5e,156
1u6p,157
1j0s,157
1diu,162
1k3q,164
1ib8,164
1buy,166
2il6,185
2g7h,167
1h6q,168
1saf,168
3cys,176
1mm4,170
1eub,171
1rfl,172
2cp6,172
2bpr,191
1ak7,174
1q80,174
2bbn,174
1zwo,177
2a2y,178
1jwd,180
1yzb,182
